{"uniformity": {"pu": [0.33237153847305334, 0.32749077735425514, 0.3242170992309663, 0.3238643212002464, 0.3165169070235272, 0.24705369840057018, 0.23193451130143727]}, "accuracy": {"pu": [0.6494965257634909, 0.45008283071312843, 0.6365844359298726, 0.35965222576498435, 0.48251516641785913, 0.4689580946472291, 0.4763303527399811]}, "combined": {"pu": [0.9818680642365443, 0.7775736080673836, 0.9608015351608389, 0.6835165469652307, 0.7990320734413863, 0.7160117930477993, 0.7082648640414184]}}